[
  {
    "title": "Pine forest Haukipudas Oulu 20130908 01.JPG",
    "source": "https://commons.wikimedia.org/wiki/File:Pine_forest_Haukipudas_Oulu_20130908_01.JPG",
    "license": "CC0 1.0"
  },
  {
    "title": "DPNU camo fabric closeup.jpg",
    "source": "https://commons.wikimedia.org/wiki/File:DPNU_camo_fabric_closeup.jpg",
    "license": "CC BY-SA (as on file page)"
  },
  {
    "title": "Hunting rifle-IMG 0539.jpg",
    "source": "https://commons.wikimedia.org/wiki/File:Hunting_rifle-IMG_0539.jpg",
    "license": "CC BY-SA 3.0"
  },
  {
    "title": "00 and 000.JPG",
    "source": "https://commons.wikimedia.org/wiki/File:00_and_000.JPG",
    "license": "Free license (see file page)"
  },
  {
    "title": "Binocular with 8x magnification and 42 mm lens diameter.jpg",
    "source": "https://commons.wikimedia.org/wiki/File:Binocular_with_8x_magnification_and_42_mm_lens_diameter.jpg",
    "license": "CC BY-SA 4.0"
  },
  {
    "title": "Rucksack Schweizer Armee 1960er a.jpg",
    "source": "https://commons.wikimedia.org/wiki/File:Rucksack_Schweizer_Armee_1960er_a.jpg",
    "license": "Free license (see file page)"
  },
  {
    "title": "Reload Cartridge Example.jpg",
    "source": "https://commons.wikimedia.org/wiki/File:Reload_Cartridge_Example.jpg",
    "license": "Free license (see file page)"
  },
  {
    "title": "Kenttäpuku M91.jpg",
    "source": "https://commons.wikimedia.org/wiki/File:Kenttäpuku_M91.jpg",
    "license": "Public domain in Finland (government work)"
  },
  {
    "title": "Rk tools.JPG",
    "source": "https://commons.wikimedia.org/wiki/File:Rk_tools.JPG",
    "license": "CC BY-SA 3.0 (and other options)"
  },
  {
    "title": "Bullet casings on firing range on Dartmoor, High Willhays.jpg",
    "source": "https://commons.wikimedia.org/wiki/File:Bullet_casings_on_firing_range_on_Dartmoor,_High_Willhays.jpg",
    "license": "Free license (see file page)"
  },
  {
    "title": "Peltor Optime III.JPG",
    "source": "https://commons.wikimedia.org/wiki/File:Peltor_Optime_III.JPG",
    "license": "Free license (see file page)"
  },
  {
    "title": "Peltor earmuffs.jpg",
    "source": "https://commons.wikimedia.org/wiki/File:Peltor_earmuffs.jpg",
    "license": "Free license (see file page)"
  },
  {
    "title": "Maglite Flashlight.jpg",
    "source": "https://commons.wikimedia.org/wiki/File:Maglite_Flashlight.jpg",
    "license": "Free license (see file page)"
  },
  {
    "title": "fallback_hero1.jpg (generated)",
    "source": "local asset",
    "license": "Generated in this pack (no external source)"
  },
  {
    "title": "fallback_hero2.jpg (generated)",
    "source": "local asset",
    "license": "Generated in this pack (no external source)"
  },
  {
    "title": "fallback_camo1.jpg (generated)",
    "source": "local asset",
    "license": "Generated in this pack (no external source)"
  },
  {
    "title": "fallback_camo2.jpg (generated)",
    "source": "local asset",
    "license": "Generated in this pack (no external source)"
  }
]