{
  "brand": "Asetukku",
  "categories": [
    {
      "name": "Aseet",
      "img": "https://commons.wikimedia.org/wiki/Special:FilePath/Hunting_rifle-IMG_0539.jpg?width=2000",
      "desc": "Kiväärit, haulikot, pistoolit, käytetyt ja tarvikkeet."
    },
    {
      "name": "Patruunat",
      "img": "https://commons.wikimedia.org/wiki/Special:FilePath/00_and_000.JPG?width=2000",
      "desc": "Haulikko, kivääri, pistooli & revolveri."
    },
    {
      "name": "Optiikka",
      "img": "https://commons.wikimedia.org/wiki/Special:FilePath/Binocular_with_8x_magnification_and_42_mm_lens_diameter.jpg?width=2000",
      "desc": "Kiikaritähtäimet, punapisteet, katselukiikarit."
    },
    {
      "name": "Varusteet",
      "img": "https://commons.wikimedia.org/wiki/Special:FilePath/Rucksack_Schweizer_Armee_1960er_a.jpg?width=2000",
      "desc": "Kuulosuojaimet, valaisimet, reput, laukut, vyöt."
    },
    {
      "name": "Lataustarvikkeet",
      "img": "https://commons.wikimedia.org/wiki/Special:FilePath/Reload_Cartridge_Example.jpg?width=2000",
      "desc": "Puristimet, hylsyt, luodit, nallit, työkalut."
    },
    {
      "name": "Pukeutuminen",
      "img": "https://commons.wikimedia.org/wiki/Special:FilePath/Kentt%C3%A4puku_M91.jpg?width=2000",
      "desc": "Maastopuku, kengät, takit, käsineet."
    },
    {
      "name": "Muut",
      "img": "https://commons.wikimedia.org/wiki/Special:FilePath/Rk_tools.JPG?width=2000",
      "desc": "Puhdistus, varaosat, kirjat ja pienet yllättäjät."
    }
  ],
  "hero": {
    "bg": "https://commons.wikimedia.org/wiki/Special:FilePath/Pine_forest_Haukipudas_Oulu_20130908_01.JPG?width=2400",
    "tex": "https://commons.wikimedia.org/wiki/Special:FilePath/DPNU_camo_fabric_closeup.jpg?width=2400"
  }
}